freq_segment,traders,avg_total_pnl,avg_win_day_rate,avg_size_usd,segment_type,size_segment,avg_trades_per_day,consistency_segment
Frequent,16,383853.3369425625,0.6576067585323723,11743.66362565366,Frequency,,,
Infrequent,16,257052.09738906252,0.47832905443879004,5881.321893060935,Frequency,,,
,16,335527.1607688125,0.6238525972966684,,TradeSize,Small_Size,126.86871554228719,
,16,305378.2735628125,0.5120832156744939,,TradeSize,Large_Size,98.30290349047826,
,13,410335.9900119231,0.7535975110247399,,Consistency,,161.97388564074234,Consistent_Winner
,14,277729.184072,0.4927803226719639,,Consistency,,95.51705998211358,Mixed
,5,206382.1004286,0.2958561693618965,,Consistency,,31.969310289001367,Inconsistent
